"student_id","avg_grade","num_courses","total_units","attendance_rate","pass_fail"
"230501022","4.990000","1","2","100.00","1"
"230501023","4.990000","1","2","100.00","1"
"230501030","3.066667","2","6","66.67","0"
"230501031","1.900000","1","2","0.00","0"
"230501032","4.100000","1","2","100.00","1"
"230501033","2.300000","1","2","50.00","0"
